policy,n,successes,accuracy,avg_usage_total,avg_steps,ci_low,ci_high
summarising_recency,1800,1316,0.7311111111111112,2071.5544444444445,4.872222222222222,0.710151616813142,0.7510862213651105
